Candidates,All,Male,Female,18-34,35-49,50-64,65+,18-49,50+,White,Black,Hispanic,Other,Repair T,Embrace,Climate,Income D,Poor,Working,MC,Upper-MC,Falling,Getting,Ends Mee,Rainy Da,Prosperi,Very Con,Conserva,Moderate,Liberal,Very Lib,Republic,Democrat,Independ,High Sch,Some Col,4-year C,< $40K,$40K - $,> $80K,Single,Married,No Longe,Yes,No,Yes,No,Regularl,Occasion,Almost N,Protesta,Catholic,Other,No Relig,Strongly,Strongly,In The M,Yes,No,Yes,No,Yes,No,Urban,Suburban,Rural,Male,Female,Yes,No,Working,Middle,White,Non-Whit,Charlott,Greensbo,Raleigh,Southern
Joe Biden,192,93,99,25,36,53,78,61,131,80,100,4,8,69,54,16,16,12,71,90,18,28,41,54,52,15,7,15,80,67,20,1,160,29,48,62,82,75,65,51,35,104,53,49,141,46,142,45,68,76,69,26,50,46,24,84,73,10,182,65,127,18,173,44,91,57,35,56,11,181,15,44,15,33,48,27,86,30
Bernie Sanders,81,47,34,28,34,15,4,62,19,52,18,9,1,25,5,12,22,10,36,26,8,9,36,15,11,10,1,4,24,26,25,0,56,23,20,30,31,29,36,15,35,37,9,34,46,10,65,16,13,50,13,12,17,39,8,49,24,3,77,16,64,25,54,22,37,21,23,15,12,69,21,18,10,9,23,20,29,8
Elizabeth Warren,71,31,40,16,13,25,17,29,42,44,12,13,3,38,4,13,5,12,19,27,14,6,27,19,9,10,1,4,15,23,28,1,59,11,7,13,51,20,29,22,23,32,16,12,59,22,49,23,16,32,31,7,9,25,5,42,23,2,68,17,55,19,52,25,27,19,11,15,4,68,11,23,3,4,31,13,23,5
Kamala Harris,41,16,25,15,11,11,4,26,16,26,9,4,2,17,7,5,6,3,17,19,2,4,14,14,7,1,1,1,10,18,10,1,31,9,4,13,24,17,19,6,20,15,6,14,25,7,32,5,12,23,17,5,5,14,3,26,9,1,40,8,33,5,36,10,19,13,7,12,10,31,9,14,1,3,13,10,11,8
Pete Buttigieg,27,16,12,10,5,8,4,15,12,22,1,1,4,15,3,4,2,2,8,11,6,2,10,5,9,1,1,0,6,14,6,0,18,9,1,4,22,11,9,8,8,18,2,4,23,3,24,6,4,17,5,4,7,10,2,19,6,0,27,5,22,3,22,2,20,5,10,10,0,27,4,11,1,0,11,3,13,0
Tulsi Gabbard,8,5,2,1,2,1,4,3,5,3,0,0,4,0,1,1,0,1,0,6,1,1,0,5,0,2,1,1,1,0,5,0,0,6,1,1,6,0,1,7,1,7,0,1,6,1,7,0,5,2,3,4,0,1,6,1,1,0,8,4,3,1,7,3,0,5,0,0,0,8,0,2,1,0,1,1,1,4
Andrew Yang,7,6,1,3,2,3,0,5,3,6,1,1,1,3,1,1,0,0,4,3,1,2,1,1,2,0,1,1,2,1,2,1,2,2,2,3,3,2,4,1,5,1,1,2,5,1,6,0,2,5,4,1,0,3,0,6,1,0,7,1,6,1,7,1,5,1,4,1,2,6,4,2,1,1,2,3,2,1
Cory Booker,6,1,4,0,4,2,0,4,2,4,1,0,0,1,0,0,0,1,1,4,0,1,1,3,1,0,0,0,3,3,0,0,4,2,3,1,2,2,2,2,1,3,1,4,2,2,4,2,2,2,3,0,0,3,1,4,1,0,6,2,4,1,5,2,2,2,0,2,1,4,1,3,3,0,5,1,0,0
Julian Castro,4,1,3,0,1,2,1,1,3,2,2,0,0,3,0,0,0,0,1,2,1,0,1,1,2,0,0,1,1,2,0,0,3,1,0,1,3,1,2,1,2,2,0,0,4,2,2,0,1,3,1,0,2,1,1,2,1,0,4,1,3,0,4,3,1,0,1,0,0,4,0,1,0,0,1,0,1,2
Beto O'Rourke,2,0,2,0,2,0,0,2,0,2,0,0,0,1,0,1,0,0,0,1,1,0,0,1,1,0,0,0,1,0,1,0,2,0,0,0,2,1,0,1,2,0,0,0,2,0,2,1,1,0,0,1,1,0,0,0,2,0,2,1,1,0,2,0,2,0,0,2,0,2,0,1,0,0,2,0,0,0
Marianne Williamson,2,1,1,1,1,0,0,2,0,0,2,0,0,0,0,0,1,0,2,0,0,0,1,0,1,0,1,0,1,0,0,0,1,1,0,2,0,0,2,0,1,0,1,1,1,0,1,1,0,1,0,0,1,1,0,0,2,1,1,1,1,0,2,2,0,0,0,0,1,1,0,0,0,0,0,2,0,0
Amy Klobuchar,1,0,1,0,0,1,0,0,1,1,0,0,0,1,0,0,0,0,1,0,0,0,0,1,0,0,0,0,0,1,0,0,1,0,0,1,0,1,0,0,0,1,0,0,1,1,0,0,0,1,1,0,0,0,0,0,1,0,1,1,0,0,1,0,0,1,0,0,0,1,1,0,0,0,0,0,0,1
Kirsten Gillibrand,1,1,0,0,0,0,1,0,1,1,0,0,0,0,0,0,0,0,1,0,0,0,1,0,0,0,0,0,1,0,0,0,0,0,1,0,0,1,0,0,0,1,0,0,1,1,0,0,1,0,1,0,0,0,0,0,1,0,1,0,1,0,1,0,0,1,0,0,0,1,1,0,1,0,0,1,0,0
John Hickenlooper,1,1,0,0,0,1,0,0,1,1,0,0,0,0,0,0,0,0,1,0,0,0,0,1,0,0,0,0,1,0,0,0,0,1,0,1,0,0,1,0,0,1,0,0,1,0,1,0,0,1,0,0,0,1,0,1,0,0,1,0,1,0,1,0,0,1,0,0,0,1,1,0,0,0,0,0,0,1
Michael Bennet,1,1,0,0,0,0,1,0,1,1,0,0,0,1,0,0,0,0,0,1,0,0,1,0,0,0,0,0,1,0,0,0,1,0,0,0,1,0,0,1,0,0,1,0,1,0,1,0,1,0,1,0,0,0,0,1,0,0,1,1,0,0,1,0,1,0,1,0,0,1,0,1,0,0,0,0,1,0
Steve Bullock,1,1,0,0,0,1,0,0,1,1,0,0,0,1,0,0,0,0,0,1,0,0,0,0,0,1,0,0,1,0,0,0,1,0,0,0,1,0,0,1,0,1,0,0,1,0,1,0,1,0,0,0,1,0,0,1,0,0,1,1,0,0,1,1,0,0,0,0,0,1,0,1,0,0,1,0,0,0
Tim Ryan,1,0,1,1,0,0,0,1,0,1,0,0,0,0,0,0,1,0,0,1,0,0,0,0,1,0,0,0,0,1,0,0,1,0,1,0,0,0,0,1,1,0,0,0,1,0,1,0,0,1,0,0,0,1,0,1,0,0,1,0,1,1,0,0,1,0,0,1,0,1,0,1,1,0,0,0,1,0
Tom Steyer,0,-,-,-,-,-,-,-,-,-,-,-,-,-,-,-,-,-,-,-,-,-,-,-,-,-,-,-,-,-,-,-,-,-,-,-,-,-,-,-,-,-,-,-,-,-,-,-,-,-,-,-,-,-,-,-,-,-,-,-,-,-,-,-,-,-,-,-,-,-,-,-,-,-,-,-,-,-
Bill De Blasio,0,-,-,-,-,-,-,-,-,-,-,-,-,-,-,-,-,-,-,-,-,-,-,-,-,-,-,-,-,-,-,-,-,-,-,-,-,-,-,-,-,-,-,-,-,-,-,-,-,-,-,-,-,-,-,-,-,-,-,-,-,-,-,-,-,-,-,-,-,-,-,-,-,-,-,-,-,-
Jay Inslee,0,-,-,-,-,-,-,-,-,-,-,-,-,-,-,-,-,-,-,-,-,-,-,-,-,-,-,-,-,-,-,-,-,-,-,-,-,-,-,-,-,-,-,-,-,-,-,-,-,-,-,-,-,-,-,-,-,-,-,-,-,-,-,-,-,-,-,-,-,-,-,-,-,-,-,-,-,-
Joe Sestak,0,-,-,-,-,-,-,-,-,-,-,-,-,-,-,-,-,-,-,-,-,-,-,-,-,-,-,-,-,-,-,-,-,-,-,-,-,-,-,-,-,-,-,-,-,-,-,-,-,-,-,-,-,-,-,-,-,-,-,-,-,-,-,-,-,-,-,-,-,-,-,-,-,-,-,-,-,-
John Delaney,0,-,-,-,-,-,-,-,-,-,-,-,-,-,-,-,-,-,-,-,-,-,-,-,-,-,-,-,-,-,-,-,-,-,-,-,-,-,-,-,-,-,-,-,-,-,-,-,-,-,-,-,-,-,-,-,-,-,-,-,-,-,-,-,-,-,-,-,-,-,-,-,-,-,-,-,-,-
Mike Gravel,0,-,-,-,-,-,-,-,-,-,-,-,-,-,-,-,-,-,-,-,-,-,-,-,-,-,-,-,-,-,-,-,-,-,-,-,-,-,-,-,-,-,-,-,-,-,-,-,-,-,-,-,-,-,-,-,-,-,-,-,-,-,-,-,-,-,-,-,-,-,-,-,-,-,-,-,-,-
Seth Moulton,0,-,-,-,-,-,-,-,-,-,-,-,-,-,-,-,-,-,-,-,-,-,-,-,-,-,-,-,-,-,-,-,-,-,-,-,-,-,-,-,-,-,-,-,-,-,-,-,-,-,-,-,-,-,-,-,-,-,-,-,-,-,-,-,-,-,-,-,-,-,-,-,-,-,-,-,-,-
Wayne Messam,0,-,-,-,-,-,-,-,-,-,-,-,-,-,-,-,-,-,-,-,-,-,-,-,-,-,-,-,-,-,-,-,-,-,-,-,-,-,-,-,-,-,-,-,-,-,-,-,-,-,-,-,-,-,-,-,-,-,-,-,-,-,-,-,-,-,-,-,-,-,-,-,-,-,-,-,-,-
Other,0,-,-,-,-,-,-,-,-,-,-,-,-,-,-,-,-,-,-,-,-,-,-,-,-,-,-,-,-,-,-,-,-,-,-,-,-,-,-,-,-,-,-,-,-,-,-,-,-,-,-,-,-,-,-,-,-,-,-,-,-,-,-,-,-,-,-,-,-,-,-,-,-,-,-,-,-,-
Undecided,88,41,48,12,21,34,21,33,55,45,31,3,9,30,11,5,8,9,37,32,10,8,29,22,20,9,3,15,41,12,7,6,37,42,16,42,31,38,29,21,29,37,22,29,59,31,48,32,21,31,28,12,25,23,18,33,31,3,83,24,64,4,82,17,34,37,11,23,16,72,12,21,8,8,22,13,36,18
Total,534,260,273,111,132,156,135,243,291,289,177,34,33,205,85,58,60,49,198,224,62,61,162,141,116,49,17,42,187,169,104,10,376,136,102,173,258,199,197,138,161,260,112,151,377,127,383,131,147,244,176,72,118,167,67,268,176,20,509,148,386,78,450,131,240,163,103,137,57,477,80,142,44,58,160,92,204,77
Composition of Likely Democratic Primary Voters,100%,49%,51%,21%,25%,29%,25%,46%,54%,54%,33%,6%,6%,38%,16%,11%,11%,9%,37%,42%,12%,11%,30%,26%,22%,9%,3%,8%,35%,32%,20%,2%,70%,25%,19%,32%,48%,37%,37%,26%,30%,49%,21%,28%,71%,24%,72%,25%,28%,46%,33%,14%,22%,31%,13%,50%,33%,4%,95%,28%,72%,15%,84%,25%,45%,31%,19%,26%,11%,89%,15%,27%,8%,11%,30%,17%,38%,14%
,,,,,,,,,,,,,,,,,,,,,,,,,,,,,,,,,,,,,,,,,,,,,,,,,,,,,,,,,,,,,,,,,,,,,,,,,,,,,,
